{
    "decision_tree": {
        "accuracy": 0.9744,
        "feature_importance": {
            "TransactionAmt": 0.26032396000088365,
            "ProductCD": 0.013761046024430065,
            "card1": 0.11929594874831201,
            "card2": 0.08369248502883617,
            "card3": 0.10234251418217608,
            "card4": 0.010664476043199995,
            "card5": 0.03916494546030711,
            "card6": 0.07661411651530844,
            "addr1": 0.10694763012267305,
            "addr2": 0.014275969927312442,
            "P_emaildomain": 0.07798688650438164,
            "R_emaildomain": 0.09493002144217949
        }
    },
    "naive_bayes": {
        "accuracy": 0.9002
    },
    "knn": {
        "accuracy": 0.9734
    },
    "ann": {
        "accuracy": 0.9729999899864197
    }
}