{
    "decision_tree": {
        "accuracy": 0.92515,
        "auc_roc": 0.78428371786484,
        "precision": 0.20205686630369027,
        "recall": 0.65234375,
        "f1_score": 0.3085450346420323,
        "feature_importance": {
            "TransactionAmt": 0.027986400479558762,
            "ProductCD": 0.037347862962303996,
            "card1": 0.03341126358967616,
            "card2": 0.023662210286585147,
            "card3": 0.003522768868671532,
            "card4": 0.005461163846166448,
            "card5": 0.007591652601798859,
            "card6": 0.04058994614609348,
            "addr1": 0.021229761803093477,
            "addr2": 0.0003519622557139038,
            "P_emaildomain": 0.006632953579765564,
            "R_emaildomain": 0.006595560461235971,
            "C1": 0.010311302604186903,
            "C2": 0.02594322869401735,
            "C3": 0.0,
            "C4": 0.007274862117207508,
            "C5": 0.0057090082871910745,
            "C6": 0.010890018429788555,
            "C7": 0.0,
            "C8": 0.09241619653082674,
            "C9": 0.010974006602116494,
            "C10": 0.00711840796812887,
            "C11": 0.10740670075331477,
            "C12": 0.00014691228562949547,
            "C13": 0.044920104340686086,
            "C14": 0.052997099414126274,
            "D1": 0.008870505238262239,
            "D2": 0.04787289223196103,
            "D3": 0.04014713281958929,
            "D4": 0.010757374275947256,
            "D5": 0.012760494307473839,
            "D6": 0.0009480303804467638,
            "D7": 0.0004164810938692773,
            "D8": 0.013686325775502568,
            "D9": 0.0032107383812928873,
            "D10": 0.03430907505573878,
            "D11": 0.004694067355698549,
            "D12": 0.0012632382577862499,
            "D13": 0.0006079802490046002,
            "D14": 0.0013465169950870153,
            "D15": 0.018703266316307598,
            "M1": 0.0003631059682885497,
            "M2": 0.0017018827347502154,
            "M3": 0.000983625177906539,
            "M4": 0.19498263098304622,
            "M5": 0.004563639394952148,
            "M6": 0.005604436011312364,
            "M7": 0.0006363463655943234,
            "M8": 0.0006665547973929487,
            "M9": 0.0004123049249052353
        },
        "top_features": [
            {
                "name": "M4",
                "importance": 0.19498263098304622
            },
            {
                "name": "C11",
                "importance": 0.10740670075331477
            },
            {
                "name": "C8",
                "importance": 0.09241619653082674
            },
            {
                "name": "C14",
                "importance": 0.052997099414126274
            },
            {
                "name": "D2",
                "importance": 0.04787289223196103
            },
            {
                "name": "C13",
                "importance": 0.044920104340686086
            },
            {
                "name": "card6",
                "importance": 0.04058994614609348
            },
            {
                "name": "D3",
                "importance": 0.04014713281958929
            },
            {
                "name": "ProductCD",
                "importance": 0.037347862962303996
            },
            {
                "name": "D10",
                "importance": 0.03430907505573878
            }
        ]
    },
    "naive_bayes": {
        "accuracy": 0.8949,
        "auc_roc": 0.6900642783379516,
        "precision": 0.08978328173374613,
        "recall": 0.33984375,
        "f1_score": 0.14204081632653062
    },
    "knn": {
        "accuracy": 0.9704,
        "auc_roc": 0.8099485500692734,
        "precision": 0.434640522875817,
        "recall": 0.51953125,
        "f1_score": 0.47330960854092524,
        "n_components": 50,
        "explained_variance": 1.0
    },
    "ann": {
        "accuracy": 0.944100022315979,
        "auc_roc": 0.8645240068435669,
        "precision": 0.22800718132854578,
        "recall": 0.49609375,
        "f1_score": 0.3124231242312423,
        "epochs_trained": 20
    },
    "best_model": "knn",
    "best_f1_score": 0.47330960854092524
}